time_s,rov_pos_n,rov_pos_e,rov_pos_d,rov_vel_n,rov_vel_e,rov_vel_d,asv_pos_n,asv_pos_e,asv_pos_d,asv_vel_n,asv_vel_e,asv_vel_d
0.0,38.43302076742565,12.773992244245369,12.378590875419786,0.0,0.0,0.0,33.33280272003182,2.447763051228062,0.2677002972528455,0.0,0.0,0.0
0.010363182694305624,37.98844904681708,12.676994016359162,12.712532262102386,-4.607411738196657e-05,-1.0052613628581959e-05,3.460871201535033e-05,32.80901523360376,2.173949828628833,0.4368921715783197,-6.070296607649716e-05,8.57197896559758e-05,4.437176422478407e-05
1.0,37.971128683930225,12.514297243217259,12.532764167288544,-4.786424020620126e-05,-2.6911272900581558e-05,1.5976432026166053e-05,32.90149224070301,2.163702175819251,0.42145370410741306,0.028561835188443394,-0.021042140054069833,-0.0003406078023828977
2.0,37.933249790877205,12.59243217363375,12.649278014424706,-5.1784129488861444e-05,-1.8812477410132906e-05,2.8047442758678412e-05,32.359938491665545,3.3749584443312632,0.5477445225805185,-0.4654860860540453,1.0399294092616407,0.0025020104277926904
3.0,37.894632356397,12.474905415484706,12.368731203264495,-5.577972310465041e-05,-3.0986886327351876e-05,-1.0215111831234685e-06,32.40607222150033,6.631390355845349,0.23316217579068066,-0.2800392512536452,2.888191947244992,0.019708911328939118
4.0,37.54663578068803,12.672334879383428,12.18844101410792,-9.182438955338232e-05,-1.0531118658052545e-05,-1.9698432622240437e-05,35.78761173007085,7.904124548676792,-0.022941754922039426,1.6122786994644631,2.692674627176158,-0.010502781164312844
5.0,37.659102279805026,12.746074811576209,12.279359864121655,-8.016520206485464e-05,-2.8917859785614183e-06,-1.0278697561905884e-05,36.551156656000295,10.207109541874415,0.11198039817004103,1.525400232929036,3.0152057142171946,0.014387928392361325
6.0,37.52210867445188,12.758743107721658,12.41225146861659,-9.434570942758907e-05,-1.5793956569213046e-06,3.4863216433174627e-06,39.36748179959132,13.37034383144584,0.38966483567520827,2.2309240620739317,3.5265401449759217,0.05696314264286213
7.0,37.637285979890066,12.844434338067815,12.406806050059357,-8.240793902045434e-05,7.295128808149943e-06,2.922021793644741e-06,40.837728352730856,16.47429510951051,0.4141400559104831,2.254604189422266,3.8377301404913684,0.06158989738318886
8.0,37.7893575059557,13.159553609900623,12.384167157995938,-6.665219487908265e-05,3.9925397051290665e-05,5.77431547226228e-07,42.026499499856016,18.078443994769845,0.27938483119830687,2.1679964421382945,3.5891064302710074,0.026476035279986022
9.0,37.83096185977747,13.699181335255592,12.3128473952702,-6.233755304735959e-05,9.5794652827266e-05,-6.8071207473052906e-06,43.95857559078943,17.578407359066983,-0.29819210146293335,2.2821586614398024,2.7759060828646156,-0.06859260972466855
10.0,37.93729261229334,13.91433160862841,12.319197603295782,-5.132268694043477e-05,0.00011805922176937434,-6.148979597055687e-06,45.437313166626424,18.64306794704037,-0.45764424211305244,2.2243513337690453,2.49884030815469,-0.09329502688314105
11.0,38.141282909093555,14.108518051256207,12.353484849744365,-3.0200465008547356e-05,0.0001381490224412235,-2.5989552890133623e-06,45.82370603289174,19.355760801900573,-0.23960512943879264,1.8595240064761414,2.143542903388861,-0.07567915679496266
12.0,38.252839651178135,14.245544837089307,12.353797185417461,-1.8650271448026003e-05,0.00015231815563256155,-2.566356887852036e-06,46.43912405980093,19.94068959084541,-0.8582874591017909,1.5627090716221008,1.767090469774225,-0.14756067357525277
13.0,38.239931938653335,14.367962192280507,12.366777518885126,-1.9984260466849146e-05,0.00016497231259053323,-1.2226558909603836e-06,48.21813287590895,19.786446555845878,-1.3372079649830273,1.588602056766569,1.2130063987482982,-0.19265622231409152
14.0,38.273260329303184,14.390854755180175,12.380919245233793,-1.6533135684474695e-05,0.00016732432378538197,2.4095611223768394e-07,48.94805136197095,20.27555244499124,-1.7720244154078426,1.2983450107992822,0.8992216528936245,-0.22576451789910562
15.0,38.29130973176146,14.398383371848864,12.314879168594357,-1.4663738849049965e-05,0.00016808604335105394,-6.592654031058194e-06,49.25901661164433,20.19494915010771,-1.1888996788576796,0.906365893194297,0.4787433134352167,-0.14072640974505007
16.0,38.28309536785383,14.38857152286713,12.236177942563891,-1.5512125997039472e-05,0.00016705346308116729,-1.4734843891595904e-05,48.818208594544984,20.44599792447975,-0.5351568030114027,0.3395513738675576,0.23941371897058536,-0.050019818297108026
17.0,38.309921792847376,14.375844841084616,12.217681881750416,-1.2735195365530434e-05,0.00016571954264918304,-1.664682811116002e-05,49.835187474928006,19.828400927959027,-0.4140515079116541,0.27913653573528735,-0.20456839357821707,-0.022583828589728593
18.0,38.36707877877089,14.395862741595149,12.24667158265948,-6.821317889655815e-06,0.0001677731361174655,-1.3646288958910528e-05,51.47488279127805,19.548899256303514,-0.6743253822672222,0.41524761982015784,-0.46681421775449583,-0.04215935765854827
19.0,38.48238596512714,14.419051839021517,12.240247908803106,5.106016414183038e-06,0.00017015431284061647,-1.4309300706020925e-05,54.14725087465469,18.73174754553031,-0.6642938384052706,0.8198780966977673,-0.8269383236675167,-0.03327683649040009
20.0,38.480641038197874,14.461811785770385,12.289057158406338,4.925023058419145e-06,0.0001745590696048224,-9.259830186573438e-06,55.00688396413793,18.479591282107542,-1.090575374051449,0.6672105724502966,-0.9082830064981467,-0.07013379276846551
21.0,38.49010784010565,14.440922783020518,12.332295891915605,5.9034959245858795e-06,0.00017238084175883993,-4.787462968607803e-06,55.62231884790136,17.05441267393133,-1.5044433827582546,0.4631659063965923,-1.2463863812948195,-0.10003203442820273
22.0,38.50669598598714,14.428683485329772,12.290706681889128,7.618123658136902e-06,0.00017109745633141056,-9.087352124333043e-06,56.182950913481726,15.424789483606284,-1.2576723427465308,0.2763153742545552,-1.5468182916989537,-0.060331751572654
23.0,38.513145798504326,14.483674067869636,12.272144635990728,8.284186960347302e-06,0.0001767652839426495,-1.1005556400753442e-05,56.706888825312056,14.5407128794357,-1.1726396606516951,0.128440423743245,-1.579361376188097,-0.041948140228234655
24.0,38.570354441566224,14.484361354283482,12.281106823157458,1.4197563507213022e-05,0.00017681806164781153,-1.0077907196382312e-05,57.57641399118653,12.501780788577557,-1.3011949276816523,0.07867400120777503,-1.8528147418011605,-0.04564989756492842
25.0,38.56216927188504,14.510874516351265,12.248668284181324,1.3350000048616477e-05,0.0001795404330390422,-1.3430016914240896e-05,57.59043856180979,11.022955349220327,-1.0406824094483405,-0.14268563701342232,-1.9066809826492153,-0.009403282059106108
26.0,38.61263533307818,14.551489306040246,12.244143854619942,1.8564726174183018e-05,0.00018371976742372233,-1.3896267916827606e-05,58.418966429674455,9.247419460027523,-1.0291938863930503,-0.13769468421991865,-2.001687777842277,-0.003587866271039841
27.0,38.5915262075878,14.60481857014964,12.21168201260354,1.6381221479188896e-05,0.00018921225355924626,-1.7249698469776798e-05,58.320939840205966,8.225867680310785,-0.6871600997469036,-0.3135095765287416,-1.8626822563397791,0.033942313607945404
28.0,38.6054682512304,14.671168696403672,12.21680747798714,1.782026222682381e-05,0.00019604914564164388,-1.6718264033623627e-05,58.85812228673031,7.257863045400114,-0.7618341487688073,-0.305879238186024,-1.7071188212885666,0.027025478746570356
29.0,38.650522758663435,14.627196968755978,12.224009728945017,2.247375226969347e-05,0.0001914854371978509,-1.5972352122593882e-05,58.635592312450036,4.219434608974487,-0.809602668559537,-0.4891003022771664,-1.9900517727423657,0.028310047277079517
30.0,38.679530468511736,14.640645042344113,12.224965363168032,2.546839020863325e-05,0.00019285505453287764,-1.587196964159404e-05,58.8110997088845,2.0081305577477586,-0.8142639793500428,-0.5318715602595789,-2.0379021981323784,0.031164740159821604
31.0,38.65409056603942,14.693154174746015,12.198029699463568,2.283768237366173e-05,0.00019825960337907197,-1.8652926864411797e-05,58.92505570417756,1.4607658639130352,-0.3217848937846987,-0.5399429389050575,-1.678367351200942,0.0777106880324738
32.0,38.66937594234769,14.711796967801947,12.195695241079298,2.4414220675366876e-05,0.0002001648246635733,-1.8892137135552637e-05,59.14957133446277,-0.21954029344951653,-0.21808911594351044,-0.520920542232526,-1.5944632003086356,0.08712740615621856
33.0,38.67820835241029,14.725362042534105,12.200704803683053,2.532394538963466e-05,0.0002015452055203626,-1.8372778403505013e-05,59.223674014249625,-1.8199860340292435,-0.3006171733586974,-0.5193747582265885,-1.4818060525152175,0.0794711945532835
34.0,38.73399973959362,14.739883824763751,12.193447504463837,3.108309055938602e-05,0.0002030241036009963,-1.9120366198407017e-05,59.92213082234015,-5.282173868142948,0.03461077122140874,-0.3817818025009295,-1.8053939312842917,0.10616378260082678
35.0,38.72866291430382,14.743783822323616,12.199255772808533,3.052878621178245e-05,0.00020340586281045536,-1.851861470252439e-05,59.70317304494179,-6.781363090495254,-0.22029337844462613,-0.42936301133544225,-1.6168586998593177,0.08289763712978597
36.0,38.730103078675185,14.743412430466044,12.199792429986951,3.067433386280431e-05,0.00020334651381352355,-1.846129170823373e-05,59.164815103282116,-8.361564091680302,-0.19637601675693112,-0.5321482680067644,-1.4551200998458724,0.08609652482645791
37.0,38.714532223819525,14.74926978853213,12.199406009577434,2.9063611550587764e-05,0.0002039302413731818,-1.849928028960042e-05,59.36225589926757,-9.284448771719667,-0.5675300595551183,-0.4414641421060639,-1.1636175605355406,0.052791173021352125
38.0,38.72263549585516,14.753700169187852,12.200543528086929,2.9897117353623545e-05,0.00020436654060668855,-1.8379943818997987e-05,58.813048692242226,-10.743602162183212,-0.3648579915402012,-0.5224071829283415,-1.0154501731709187,0.07205904612673286
39.0,38.735622869291205,14.767765848993168,12.20456821473935,3.12345880191899e-05,0.00020579730531902765,-1.796261849743469e-05,58.32710229355109,-12.546648789357109,-0.0281833152518271,-0.5716032424021011,-0.9646532321915197,0.09902281258803172
40.0,38.74155573595765,14.764037428218199,12.196178343757389,3.18436915923891e-05,0.00020539125725322965,-1.882667766465673e-05,57.33511778200335,-13.27099636905911,-0.28160147017857695,-0.7103090817185979,-0.6734141556318417,0.07898899346097688
41.0,38.7658803297642,14.787351983620706,12.19502797973208,3.4350671643198314e-05,0.0002077760927794388,-1.894345083953193e-05,56.210666155481896,-15.172398856812688,-0.23317048564761267,-0.8604502099311094,-0.6828824174869299,0.08141095569232269
42.0,38.776152326469216,14.812109769836624,12.193317455495945,3.540707430944106e-05,0.00021030936029685726,-1.911800175152141e-05,55.4572255470029,-16.974604598605165,-0.2018425222988471,-0.9012681309772586,-0.6786412571749411,0.08070385976676063
43.0,38.76853957982514,14.823794100728565,12.207378096894942,3.461795771672553e-05,0.00021149321997191478,-1.7665288825792528e-05,55.08815314253397,-18.052348051444078,0.19335207575762256,-0.8414196564577564,-0.5237737936684773,0.11022961000368961
44.0,38.760487585050384,14.83323283535086,12.218390781589322,3.3783688142006985e-05,0.00021244516450238837,-1.6527323438544996e-05,54.73074726186452,-18.878788603324693,0.5173771603648263,-0.7757620535517497,-0.3404815619301381,0.13214616145357175
45.0,38.764776000990565,14.857642901721112,12.219754988226036,3.422257945576224e-05,0.00021494129698371888,-1.6384892293892658e-05,54.033112872955336,-20.28629591055514,0.6611078489183616,-0.78528987831221,-0.31149668748475023,0.13764702237070264
46.0,38.76777675028123,14.848200682341952,12.236293460695299,3.452856324818406e-05,0.0002139452046051492,-1.467733374751263e-05,53.0236373128174,-19.972301522838997,1.0850892474494906,-0.8383251651131671,0.0726164778027264,0.16958345296922672
47.0,38.77493819496478,14.85822825832913,12.247407105939107,3.526359654698969e-05,0.00021495733177008232,-1.352961606479069e-05,51.876560686018685,-20.24243326279571,1.4226215070894632,-0.9109017056394546,0.2729084557127486,0.19124195335663158
48.0,38.80011949058456,14.87129742016084,12.219482937221219,3.7856760896957974e-05,0.0002162829112820154,-1.6407878298641685e-05,49.710314708932955,-20.353573621224992,1.228663484148809,-1.1789587770842616,0.4712973362895053,0.17144884429055163
49.0,38.79335951402961,14.875821188690633,12.193788521150246,3.715581208248779e-05,0.00021672707147211463,-1.9055629216504356e-05,48.85007657441263,-20.024943874563778,1.0560424353208424,-1.128975558455242,0.7085735380454572,0.15375802420547569
50.0,38.78588246393145,14.883126741758307,12.212105291439242,3.638107542310964e-05,0.0002174579502152108,-1.7165151807696397e-05,48.033469263053185,-19.670893320410062,1.4291568818195266,-1.0636142344846715,0.9011265951956378,0.17630745742869725
51.0,38.79746051948707,14.889273940759324,12.23167697454349,3.757093322184298e-05,0.000218069260874341,-1.5145692334467003e-05,46.19518116019067,-18.787092075794696,1.845254428205283,-1.2069083474826732,1.1625294263390613,0.20234521453632537
52.0,38.80786585114893,14.879139769901059,12.159571148280465,3.863965937136042e-05,0.00021700213461523383,-2.2576920492613148e-05,44.71708910923016,-16.62950416415866,1.2526435107882425,-1.2415039643903518,1.6248337846021121,0.1574616030022325
53.0,38.80131283640083,14.879337902743242,12.138600537780617,3.796025062376873e-05,0.00021700018973742652,-2.4736056330005986e-05,43.88854060358317,-15.04591642424627,1.1765111667082466,-1.1346484785953552,1.8789328855106469,0.1483263231279643
54.0,38.794442081940595,14.885494473957218,12.172288584425358,3.724823552563463e-05,0.00021761232447200835,-2.126160250050755e-05,42.84932026727439,-13.606022795291743,1.6708331470946125,-1.0798147250279975,2.042639846491681,0.17787230143486477
55.0,38.78393216039082,14.890259631053357,12.146874602216515,3.616135170332461e-05,0.00021808094808803627,-2.3878317486005355e-05,42.07251265037297,-12.133769760114749,1.5679277862320353,-0.9759807469516601,2.1525683016224737,0.16259206562818657
56.0,38.78021908967282,14.901042106054005,12.129539669244476,3.577503386802734e-05,0.00021916949469326678,-2.5662034534380936e-05,40.40590702577965,-10.43542327296177,1.5428269687804699,-1.0644878220057887,2.2677492886454624,0.15357032230642537
57.0,38.7783663586866,14.911080410237766,12.1307588667204,3.558046378589919e-05,0.00022018114613766397,-2.5533778434264464e-05,38.506686388766276,-8.38891663788722,1.7021241350975551,-1.1901201760325069,2.4091606143883832,0.15845781971477466
58.0,38.75783129184658,14.915006628347712,12.085669624324414,3.346131766166434e-05,0.00022056293450591592,-3.0176149772917484e-05,37.65950434081301,-7.275453027322664,1.3835953184936758,-1.0913571693153004,2.295305169308967,0.12616106302143126
59.0,38.739101158135746,14.923792169399935,12.04168879980345,3.1528529488612596e-05,0.0002214451901921682,-3.470338952846465e-05,36.160879049441846,-6.138995414401762,1.0543876530022325,-1.1365982482641823,2.169563133981969,0.09578022105384794
60.0,38.72162546160725,14.926998616251732,12.034032526249797,2.9725342396497234e-05,0.0002217526356295937,-3.548838640237682e-05,35.01725092175855,-5.073796338987539,1.0453395918884714,-1.1013304731836688,2.0113814853731555,0.08821246409008476
60.020968010093455,31.435717712262495,15.717884649880371,13.196869833376367,-0.1312712007103245,0.01448880371038066,0.020921344571197445,35.026487487535455,-5.035836810693797,1.0439558531231046,-1.0938879727323536,2.0110911344433435,0.0881121198661895
61.0,32.41545830770588,23.44125931494684,16.935680308286916,-0.11163451970215374,0.15091807351145628,0.08687175824434487,33.574600869906,-3.052463448729956,1.0624062679169866,-1.126154571395613,2.0519381224547817,0.08662175735815507
62.0,32.35032441624465,23.34262201333611,16.514307932564364,-0.11072292169898718,0.14658848920690856,0.07907092502087162,32.53952221316451,-1.380373583865493,0.5824887413026969,-1.0635852533433396,1.9885491307963323,0.05090267516672742
63.0,31.719215868947355,23.157641697370195,16.61566967768185,-0.119363896724712,0.14074633210334694,0.07937454496732758,30.450200123409815,-0.05654267172730021,0.6543633583567353,-1.2290359808502325,1.8443240383594561,0.05221742134620748
64.0,31.18679433988722,23.438329430919353,16.584301527468224,-0.1263126817820949,0.14291146647713773,0.07776876908060622,28.11279970408225,2.193901318723767,0.5690603379058543,-1.4272968448425567,1.8977270464983278,0.04433239726787002
65.0,30.834987097047563,23.529086579530887,16.94611043972479,-0.12991515745964538,0.1419115292343663,0.08177767130491008,25.77492428805552,3.8841020030558404,0.9892390722481486,-1.6046855689268553,1.8095642579077102,0.06960865980397192
66.0,30.890304654114576,23.718791273096702,16.919364645492475,-0.12708052670733164,0.14286606441172126,0.08029551077972633,25.449212421948843,5.923576706028479,0.9115629630558615,-1.3354601765003156,1.7871220173295523,0.06300906167443829
67.0,30.728708674035296,23.89078923053888,16.90308446065196,-0.1277358469786312,0.1432478585545355,0.07900731963960468,23.652345991114636,8.33040773208849,0.8304791576829923,-1.4014014490193074,1.8417224439494417,0.054861434795079905
68.0,30.603456712728068,24.038405673204654,17.128770748634217,-0.12761380246871126,0.1433119944425217,0.0809088599731728,22.15213425736179,9.777972440035102,1.1258531564416947,-1.3969460500771387,1.6749735047029966,0.07225091253355014
69.0,30.44876695053862,24.155764197712312,16.830675107618283,-0.128158569441271,0.14295397826276438,0.07614435045708988,21.217752262253747,11.841505154341844,0.5250912903163428,-1.2732764428081413,1.6506530582487453,0.030643926492138956
70.0,30.272191082322273,24.27648478703122,16.931907212747113,-0.128986343834889,0.14266178223928785,0.07645050797853187,20.457050175917075,13.681284904155476,0.6086230005884231,-1.1251673489518828,1.5758575809166726,0.03474370920423388
71.0,30.196247536648386,24.47737745072355,17.057141224584853,-0.1280701812529308,0.14350628480788147,0.07702401760452324,18.951417237587755,14.718308234674424,0.7444564834029452,-1.1496058372109472,1.3416751820175332,0.04212856146324054
72.0,30.180145174898588,24.67948479273733,17.1771988985076,-0.1262760737443924,0.1443034520216848,0.07751063042436865,17.032857028833817,15.538145164065451,0.8834696763291037,-1.2565492145371933,1.0913067577304536,0.04943066733600728
73.0,30.149085309781583,24.784564649118703,17.256933343248708,-0.12487979543286677,0.14365704106616864,0.0775323737210506,15.117877713800961,16.771700216604856,0.9351014616000684,-1.3510549015033635,0.9617828995960314,0.049671874300147585
74.0,29.92053816310598,25.008151341235575,17.269328882816893,-0.12633562109151744,0.1448944364361299,0.07686615708564472,14.551225834303633,17.13724651166396,0.8007039245970917,-1.1503124051294933,0.6688581247412793,0.0398655261162638
75.0,29.7352617367142,25.082502377512025,17.30297975004347,-0.12727501140065114,0.1439247007497365,0.07644416056390124,13.841920522256771,18.22110594967654,0.6972838414976988,-0.9964458742021619,0.5726784342786339,0.030942685601786438
76.0,29.510556532149266,25.14884727058101,17.42056230836187,-0.12877296008464562,0.1428996944086293,0.07681368976177118,13.636202272413788,19.325095656547553,0.8836905127502463,-0.7519675357432266,0.5077365443857877,0.04146503974462219
77.0,29.46108390044103,25.251715560446737,17.473137538400334,-0.12768815641778627,0.14227304205899025,0.0766123728222661,12.185944657512193,20.05786632556667,0.8104442162303254,-0.793830327833661,0.3923167336277853,0.0338965443106051
78.0,29.489674394938415,25.43354287046216,17.443622761268074,-0.12541837676347267,0.14265956423115847,0.07583597724685835,9.789367759869338,19.88241554560589,0.2849155723032868,-1.029451425783222,0.11811525052088144,-0.0016872208195091443
79.0,29.396045211655974,25.618748887489378,17.558599735342483,-0.12490095304956926,0.143192929988022,0.07607418402730819,8.428750988914537,19.329747702794222,0.5395136885556298,-1.0236825448683986,-0.18565035529539306,0.014186327931716121
80.0,29.27607612889948,25.764977085298373,17.575653000430325,-0.1248260542938117,0.14322968424490104,0.07581359942640285,7.367208647576679,19.02753638007204,0.07770755089979237,-0.9529558120766091,-0.377543962500879,-0.015934500738249743
81.0,29.175509972795147,25.944122962416174,17.640950289477914,-0.12437989841463148,0.14364290055384443,0.07578833344218784,5.998448738255016,17.658108462118037,-0.03486559655957603,-0.9527282244177535,-0.7471710010966781,-0.021719763892929574
82.0,29.033878639164513,26.05507834653095,17.703240804884267,-0.12478667777804289,0.14328600752247597,0.0758401143215234,5.44130148244719,18.256996808667267,-0.30511745881580477,-0.7875712845595509,-0.6286955116787417,-0.041323228535548207
83.0,28.914423847247235,26.193753583478298,17.774892206156466,-0.12474007003216796,0.14313661326103563,0.07589818902041916,3.8325991235545915,17.87232641007372,-0.4748361423628225,-0.863063315160024,-0.7062013999566363,-0.05246189744942366
84.0,28.795294187402206,26.33390414164223,17.85444631609281,-0.12462907758592764,0.14316065592485555,0.07559189740868529,3.72258393135482,16.661405986322134,-0.12345564008063015,-0.6163423986973073,-0.9145932917354727,-0.02674209273788089
85.0,28.674862557061093,26.490960815011906,17.92754137277129,-0.12468641711886039,0.1434487140901571,0.07539693238714508,3.785974312630416,16.632481160217033,0.03481679180313377,-0.3689784152988598,-0.8188602158943823,-0.017227297462842926
86.0,28.5236543420655,26.62004859027428,18.000710446060765,-0.12495106961990385,0.14308699326929825,0.07534422488114181,2.1678998240611103,15.166079551544307,0.05361148379567093,-0.5058685029857617,-1.0238558146822763,-0.015610080202556553
87.0,28.427486607068357,26.754962213947408,18.098763301390957,-0.12456153549777538,0.14308061632906405,0.07588635728952416,2.7188135390438317,13.839621063216649,-0.31823896577779204,-0.1775481794911807,-1.1351863296591467,-0.037504097016391624
88.0,28.314647208317126,26.87005349999301,18.16973667939514,-0.12434704166666928,0.14271515089899128,0.07577626310325943,2.885381481571961,11.928969319782365,-0.2773622095634428,0.029419173926464322,-1.3353661880859136,-0.0318537896297971
89.0,28.18293238384473,26.974966994157786,18.24072649717372,-0.12435639154789369,0.14215184921884325,0.07568447045712029,2.6667721872268024,9.558059052541253,-0.24900520391700787,0.12569425551513935,-1.589646802221878,-0.027697586938553974
90.0,28.050645911235105,27.12559873149178,18.29396378250833,-0.12447382566159723,0.14224981317233548,0.07530707002425016,2.646951733809744,8.162840872333462,-0.0877558844472125,0.23753233699997853,-1.5843324076365068,-0.016473072707374574
91.0,27.891024335317834,27.282923968710104,18.30801149484234,-0.12494249797598798,0.14236909078682425,0.07434649695733851,1.8934086063517601,6.88022761894946,0.34842171242890363,0.1711723709932533,-1.5384368181559807,0.01047274377493966
92.0,27.749354861669765,27.440053671852965,18.416409755692563,-0.1251691369906327,0.1425326165803308,0.07486805443392343,1.6344069794083098,5.6420422351679,0.10963828898322481,0.2062735732065773,-1.4638667920180075,-0.005019129285628426
93.0,27.607271814578617,27.55756581503403,18.516857926293792,-0.12534727132856519,0.14213407791126018,0.07523891514283322,1.2602964132835361,3.344116954782284,-0.058949571912169166,0.21062516838920814,-1.6009994669660106,-0.015732568944756508
94.0,27.503463869503985,27.670715531225508,18.63300261872655,-0.12503300310013174,0.14177394504072832,0.07579233093468296,2.3891665272075207,0.9433580800892666,-0.30005211652965447,0.5206444759325173,-1.716496417752012,-0.028055995426621932
95.0,27.34871838136461,27.803496619313886,18.713860653251302,-0.12541687091188633,0.14156206851908607,0.07587279606161569,1.4836679125523013,-1.3648964739503315,-0.3733060411435859,0.3654048684447513,-1.7980839433531361,-0.033498430960176975
96.0,27.211774039183002,27.953395794046394,18.799845974123432,-0.12558215941515222,0.14165242158385338,0.07601138591795617,1.224972474605524,-2.9221229150610006,-0.47437230450325546,0.3497548600869884,-1.6944835689343458,-0.03972960057147599
97.0,27.067653984310518,28.103999364736904,18.86076936264845,-0.12586500789750069,0.14173036105661865,0.0758356743119428,0.08338930480238416,-4.428094711328623,-0.4578135089418674,0.14394153142452853,-1.5839867493792779,-0.03936263781093587
98.0,26.938994339093146,28.250156423383896,18.896983905240113,-0.12591723325145696,0.14179355051089554,0.07535310041059459,-0.11444267214163611,-5.706884721120362,-0.29884732764761124,0.1465546040595384,-1.4245900691535278,-0.02783675347261958
99.0,26.8158044225325,28.385386598395147,19.01983407526486,-0.12585239386133554,0.14169042987653288,0.0759160393858243,0.7484815305604842,-7.543177014618218,-0.5565098246528676,0.36522333859476097,-1.3822303217587024,-0.04111535197718749
100.0,26.69052033978879,28.528330739243305,19.00744179731146,-0.1258531208811436,0.14172688733094255,0.07488423104034633,1.0251110639764773,-8.543490115209782,-0.15696074302301044,0.4294911144784011,-1.1702123221301466,-0.012742292717311438
101.0,26.566571618727632,28.666168122716556,19.11051821207433,-0.12585336128162955,0.14160704228853435,0.07520876253263445,1.29665444657394,-10.757877007047664,-0.3150766139134065,0.48316356068346,-1.2277997886315035,-0.022613219190055787
102.0,26.443128968378208,28.80728313933786,19.1752305361454,-0.1258485967940113,0.14156661074382018,0.07509345518189632,1.562897192778668,-12.469502340512237,-0.2915988219825326,0.5182832090120092,-1.1775500077799768,-0.020435289596263277
103.0,26.319235473232517,28.94818666213616,19.16334912966531,-0.1258377360257559,0.14154622155843466,0.07413986756170195,2.035456431720171,-13.805960638721135,0.11818845652683907,0.5818535322688231,-1.0575600970691608,0.006347238602858071
104.0,26.190350961020524,29.091759639649293,19.1898964133798,-0.1258719291435002,0.14150015043710476,0.07362815559626,3.1287606447741894,-15.81316251176422,0.360127529837375,0.7586365101209146,-1.0899910431869693,0.020572231355434303
105.0,26.064495141215744,29.23449386219588,19.31777865074589,-0.12587746717880086,0.1415038636479814,0.07420169995278174,3.889409371508947,-16.99706569873384,0.10316639246901443,0.8329336188304751,-0.9592259375060325,0.0030982694341200115
106.0,25.944022202206032,29.37594776869803,19.366262338810127,-0.12584090527277605,0.14151294308128487,0.0739367214216111,4.326942984219081,-17.88070367908185,0.23432695004083137,0.8207967068661014,-0.7903803751232287,0.01132531318003107
107.0,25.818154725023543,29.516546405567166,19.42148911889241,-0.12583618791587517,0.14150927438256794,0.07374568560656473,5.196620873511662,-18.444555985655178,0.34663523014949227,0.8864956519723997,-0.5834972046768544,0.01893369783671714
108.0,25.692330929140127,29.661242930804192,19.494679359098274,-0.12585432545818936,0.1415225319864396,0.07374236920037286,6.099428194846818,-19.44082189996713,0.3611125853456349,0.9434947799584344,-0.5015123045374109,0.01876539281970071
109.0,25.559985085492404,29.80134222902774,19.612611047575825,-0.12588768277725046,0.14149983123397028,0.07417375001545909,7.61940314663278,-19.54906081766382,0.14555018292595473,1.107932563356774,-0.2627707663185247,0.006198805906209125
110.0,25.43930223790979,29.937899954094124,19.580008328610692,-0.125820750429084,0.1414832901711229,0.0731398103112404,8.40373084309647,-19.015102199198406,0.7741725602870901,1.091482313281707,0.05980442767868968,0.04759115729381134
111.0,25.30462610636154,30.079624588076943,19.657191681452826,-0.1258644456650925,0.14144926366887925,0.07317505750670789,10.549069496113333,-18.581724087369718,0.8137158460282757,1.3444852373513483,0.3077816443347871,0.05043504534612772
112.0,25.187622160438064,30.22133077336376,19.777225719864962,-0.12585040319802654,0.14150674045850162,0.07361798914851876,10.45444624711887,-18.922807518277565,0.5459340636315139,1.101611136314087,0.33575549510813685,0.02850633572202286
113.0,25.06295074325397,30.36520699839191,19.840760225657874,-0.12588717268978308,0.14154955262438856,0.07353090379104214,11.049557549807622,-19.307717924652323,0.6197939801089692,1.0176435949023304,0.3255820738146259,0.029720816432366473
114.0,24.935300544678473,30.508273456329515,19.92761942585493,-0.12586801348650012,0.14151975799905328,0.07364852135756869,12.946018378029045,-18.518329971173802,0.5750147900555175,1.199945616643912,0.540305558958267,0.026522279903008494
115.0,24.81089676276486,30.644806538989883,20.064072511710997,-0.12583930529724735,0.14149723873926437,0.07419992010656386,13.566937229758357,-17.387858100114364,0.1515475438292357,1.0922895085803954,0.7716972426494508,-0.0014824505833539205
116.0,24.6845455618086,30.789535533585106,20.198405300354437,-0.12584551566789956,0.14149246261459664,0.07472503686231433,15.409933982265215,-16.78696151595316,-0.30735968583903023,1.2413444077011444,0.8487787062343058,-0.0318247078091082
117.0,24.557721765116458,30.93045036260725,20.22131597289479,-0.12586232132778713,0.14150675114040615,0.07428338239680132,16.323864972212338,-15.99801295365551,0.07845437797519228,1.1747297086452966,0.9257027071338444,-0.007060353275220071
118.0,24.432453684490735,31.068543612987572,20.239588139193657,-0.1258242895729071,0.1414906867830217,0.07380784277168992,16.72130906554673,-14.232973150275502,0.5675370049537996,0.999713953675228,1.166433854371133,0.02573694516981801
119.0,24.318178013775007,31.21738205661113,20.318416702012527,-0.1256984442851473,0.14147270382903726,0.07385093541209327,19.099785194528625,-12.534015512681721,0.5710824615128487,1.2436655933574643,1.3540118542102941,0.02681672859933492
120.0,24.201648306961804,31.362733309075423,20.430799479962356,-0.12559924378182005,0.1414468029096633,0.07416037438934273,21.232231018925084,-10.641292224155013,0.2182893393858492,1.4029830208749872,1.5338567654913764,0.004179400848386871
120.02628589891316,15.514001500004733,31.46673417972037,21.473810379808004,-0.30478133513002037,0.14381411363694366,0.09577955390974194,21.38372972395192,-10.602395683131274,0.20891877692893673,1.4260164321363775,1.5361164675308716,0.0035222652956106355
121.0,14.363949094263672,24.033886617615423,18.40692493440587,-0.3217056223034594,-0.009468939255732948,0.03181961071652209,22.3311488049641,-9.343793394024507,0.39700706439760847,1.3243594773424456,1.5382961170796923,0.014258370651657937
122.0,13.682733423412193,23.435332072383044,18.726155589711926,-0.3287332040318207,-0.021048228484805427,0.03784775111652469,23.097243466190573,-8.69112818020463,0.7287405807053509,1.1856083608946322,1.3851659126603204,0.033957296208427766
123.0,13.99847760277436,24.035918658688917,18.6543641024162,-0.3164132582910564,-0.009152249628423231,0.03558578158309583,25.51703530467763,-6.058902541886562,0.6377451202385149,1.3869841071722366,1.640031939194899,0.027944337936710972
124.0,13.801732016818791,23.853627912211135,18.517907578071167,-0.31415109575713407,-0.012451903357176764,0.0321395966521785,27.213411750904932,-4.86614623012178,0.45345989016817223,1.4181989621156088,1.5491511359219003,0.013262721255745477
125.0,13.331412306201598,23.90795967784966,18.595422449809224,-0.31700338580645093,-0.011172839830499715,0.033032174757571996,28.003244744996167,-3.1004850830188113,0.527227307836001,1.251321427016687,1.5600061849037588,0.017964861705717095
126.0,13.053941833511663,24.082228624663408,18.471788364534017,-0.316341513679847,-0.007841336142700207,0.03003095473283693,29.43328748687591,-0.39896294639393615,0.3356857260199842,1.2266031804196893,1.744310600068363,0.006682389519843892
127.0,12.767713666882802,24.096318036299166,18.428959308606892,-0.3158572016037292,-0.0074805580084424264,0.028664721885946758,31.001654055014487,1.6473573937297923,0.2364039216682605,1.2319192571964894,1.7588659572702017,9.830661862383645e-05
128.0,12.450709279580758,24.091872418371942,18.3141595520242,-0.3158559883123474,-0.007426360764544958,0.02603554051192632,32.00679981822864,3.641851618658171,0.01433793259453811,1.1184026060087722,1.7453557887475462,-0.013310896107098008
129.0,12.12647491475117,24.093097906410204,18.360894619778456,-0.31602178113171475,-0.007273991904937232,0.026406496793432915,33.260482085901316,5.135597437318432,0.03459982278192073,1.0668731830834453,1.6166693898441835,-0.010984842086233152
130.0,11.844166750168077,24.036717992775632,18.481687004790235,-0.31540431391202306,-0.008128353689169853,0.028062316451304792,33.89178759591394,7.292366190951333,0.19897165099518216,0.889993133498614,1.6237428681588664,0.0008625715042487395
131.0,11.506993149546041,23.976388593152127,18.58166856446071,-0.31580149730077023,-0.009027954719240977,0.029296426868407353,34.921838746584385,9.303248824478217,0.34202115260027816,0.8148723440292367,1.5920729818967265,0.011194228372421372
132.0,10.90685900003775,24.059037653687444,18.57777053129173,-0.3207793314644494,-0.007537707489896936,0.028743050841877987,37.90198754175863,10.064332266920092,0.26651017955751155,1.1558453266706368,1.3053788946699059,0.004966037104534863
133.0,10.485698650818609,23.92236972733916,18.499231059838323,-0.32249924778186656,-0.009657368161138272,0.026986648430847835,39.73299675697692,12.168090018824165,0.011700073591681404,1.2207114308197526,1.3165944966897045,-0.012224704552024152
134.0,10.087715585168233,23.830298353901593,18.592681955411262,-0.32377156101928917,-0.010993353533776128,0.028051580469860195,41.457380841563435,13.958701986859092,0.16692198252413334,1.2549700820603247,1.260987240433912,-0.0026680333684443117
135.0,9.750362362513444,23.612451956672118,18.629304740532994,-0.3239935411737503,-0.014261199487105726,0.028185876513784507,42.7221749530784,16.63173034549884,0.18075430954555738,1.1884806997740585,1.3892043690022682,-0.003774881684339021
136.0,9.42582890428595,23.58192674700533,18.625811608162625,-0.3240024981888196,-0.014511267192597856,0.02770451782890546,43.86855381930817,18.07001137782308,0.07159934245912963,1.1073547133714745,1.2543868075190048,-0.010343464685954783
137.0,8.978475482323793,23.5606603101266,18.665571175042693,-0.3260062363248848,-0.014622439239157079,0.027886517929314604,46.123824498270984,19.231207338760957,0.09331184423414826,1.263374803464615,1.078764548791319,-0.00999954415129687
138.0,8.581222116603218,23.59295316662202,18.72312764033273,-0.3271491593491629,-0.013923614996113725,0.02831330070078421,48.20886006965251,19.67870923723949,0.21050154286533723,1.3714780318900621,0.7810922714638728,-0.0022497335291693666
139.0,8.276164222514511,23.61808056025467,18.793844822230458,-0.32678642994646,-0.013351191547616808,0.028895521146967286,49.27143886595188,19.88284171185528,0.44072518730338284,1.2590831821182407,0.4717359105166073,0.014789676353035784
140.0,7.950815186358184,23.610758981843816,18.844263869277857,-0.32675995906567895,-0.013266250135230605,0.02917833397299185,50.47951439879458,20.13464909893016,0.5950844025234323,1.1884449370834445,0.2147443522130615,0.025720313721091487
141.0,7.6099894664363665,23.627689309506085,18.88066296155969,-0.32697200015876177,-0.012833233788227918,0.029267814786020453,52.144691972074675,19.47193563202326,0.6913429889254809,1.21984636815415,-0.1855357423797154,0.03395285617265993
142.0,7.293747847643813,23.6183058435543,18.93540003527585,-0.32676872464911444,-0.012792742368799482,0.02955155927026175,52.65550104843114,19.14205501816006,1.0068321109157503,1.0117235171684762,-0.4617817586834284,0.055436744049775374
143.0,6.966645619261365,23.60705581063724,18.945351085307284,-0.32677102760129684,-0.012767393354921932,0.029366821156840105,53.422419466358335,18.684681911530667,0.7546517322888784,0.8772524587807043,-0.7100573217383396,0.039493332430199785
144.0,6.640520806629376,23.59516051005202,18.9692398911656,-0.32684730284312036,-0.012750191630763519,0.029351010304449518,54.47322302951372,18.986637444826698,0.5804436850363126,0.817778108258595,-0.7516586487894302,0.024878561300360227
145.0,6.299826591206082,23.593613000408695,18.99607472205721,-0.3270356441000898,-0.012601221137914816,0.029425460830429982,54.714152388809616,18.514153020109564,0.2531733171761868,0.6027431809588305,-0.9189194112111198,0.0030665992044332964
146.0,5.982959229461399,23.577699972136287,19.031557356774986,-0.32690563028559233,-0.012634375167289656,0.029635394815222992,55.538110972453,17.271873102169856,-0.12669488414653596,0.5345887301097842,-1.1947437819076003,-0.01944199114963266
147.0,5.643054897096661,23.551871105883475,19.05411492244109,-0.3270251587703666,-0.012816567687854791,0.029482195611535297,55.66318579626285,15.511568597211841,0.039335036910840004,0.3349232556809432,-1.520058138796272,-0.005320295339626777
148.0,5.372339614877698,23.56180705585039,19.06429549644287,-0.32640413688416564,-0.01249103614877002,0.02913304058735576,57.23954556467788,14.705515640454065,0.30822473735093364,0.4615885785390742,-1.5854577935723237,0.009452429218070565
149.0,5.013053639026345,23.55669241754374,19.103559637777188,-0.32681817892938564,-0.012422577339238905,0.029298201012866985,56.947646094776225,13.161408080704199,0.20547628994872952,0.20185539843088818,-1.7617123211481243,0.003690054369693092
150.0,4.688091299748431,23.565414497771513,19.131703390063937,-0.3268442844563725,-0.012162517950222681,0.02927806758150394,57.15835680024489,11.854816753978671,0.2068313535195403,0.0833532428681889,-1.839527866436844,0.0025242850117810135
151.0,4.3690563456921865,23.585539690010698,19.12870815839538,-0.3268274975365159,-0.011772861537184164,0.028776943932530243,57.413044034746484,10.834480793502463,0.4535941261477856,-0.0023263086779923697,-1.8179475642321257,0.01565487258010954
152.0,4.067530237922833,23.587596357858935,19.088711497912243,-0.3265567520566156,-0.011588994797508429,0.027751436668384345,57.98255943740439,9.387248069615657,0.9575872199834484,-0.0033663902459504236,-1.8571959069944737,0.04574598856090129
153.0,3.7443916690973924,23.622513643865332,19.147339901564337,-0.32664464243977476,-0.011061282288378934,0.02819641497752367,58.11536476269811,8.882017149245504,0.7545091213305906,-0.07700823587780148,-1.6648605655203266,0.026771011957898376
154.0,3.464280731359798,23.60483433026494,19.109548347805923,-0.326037692477342,-0.011051223454283589,0.027274319958364955,59.381920901345474,6.699131335791786,1.1807393807687236,0.09258093211238105,-1.8180208866038112,0.052417891068704744
155.0,3.1540014002357313,23.608552162039175,19.126602339796303,-0.3258840935706151,-0.010862624128568702,0.02713549603083753,60.064435370499865,5.308000456383742,1.27043143223888,0.13811900432562127,-1.7667040703105403,0.05452192388642984
156.0,2.8297268018193784,23.590476510252554,19.1335172457034,-0.3258246434256855,-0.010922336775175824,0.026863078933043613,60.230586003211265,3.089826383485641,1.4468276510789337,0.07996365571816819,-1.869735297949608,0.06427161990044844
157.0,2.4976501421431543,23.57284683687112,19.185285710966646,-0.32589705455454315,-0.011017737710039974,0.02719302963044584,59.78744814255859,1.0587667857219965,1.3934660489088755,-0.08816367294520515,-1.8996491398489102,0.059225433314796766
158.0,2.1756349150457375,23.569390509051466,19.19589535430173,-0.3258123296839846,-0.010883048018070798,0.026980679401492118,60.342762226869986,-1.0369906437961098,1.5320225275319868,-0.025136462954139155,-1.9245450395754993,0.06560751313895953
159.0,1.8492339996335097,23.56979559933282,19.236729323280514,-0.3257723168844821,-0.010702638260954491,0.02716428669843167,61.04794073967532,-3.1612243312779156,1.5240510921656696,0.070537034199339,-1.937839262853055,0.06072966836940663
160.0,1.522227400205648,23.562231527117408,19.23692049039524,-0.325780686522462,-0.010659905927741497,0.026822764836428575,61.391112978594386,-4.962452135804772,1.7084537003500442,0.09056717417510826,-1.8638911677297232,0.06965598285964696
161.0,1.2041593740041217,23.54147905953792,19.319095821235443,-0.32573262439399936,-0.010805047254010349,0.027511807458570087,60.723300705388795,-6.803673942664848,1.5278192864379805,-0.09364659957662055,-1.784260266774969,0.05538924004107358
162.0,0.8899286814252096,23.521032162271474,19.381525985777383,-0.32563640054222814,-0.010933809515383534,0.02794032788799246,59.71890891028983,-8.785762181619559,1.434791836177364,-0.32324158715542334,-1.7295813810901601,0.04779736627744999
163.0,0.5433995117591836,23.535031004909936,19.418740212798287,-0.32577097646465836,-0.010590514526159701,0.028057080541469652,60.29946665016319,-11.054556643991258,1.4354026963005813,-0.19005309853789293,-1.7437512615918043,0.04491947205802456
164.0,0.20883945518232827,23.539015626890304,19.487661274485518,-0.3258200047618644,-0.010394756372902433,0.02854826977311851,60.3255618549237,-13.27243140379967,1.292169922557922,-0.18107468766754253,-1.7357270276905792,0.03293249617163785
165.0,-0.08714329195852077,23.49754157041799,19.66294410152623,-0.3256162881442706,-0.010805831072290002,0.030275829247096923,59.06487083125027,-14.093765668545506,0.6507561290210551,-0.4375432682890665,-1.4311057690873292,-0.007636484690501204
166.0,-0.3918226565998832,23.45186909092862,19.632213736032316,-0.3254846393923704,-0.011251602307677128,0.029561057127519896,58.14022057889883,-14.183365718254436,0.9339522686601391,-0.591960307439009,-1.009829925180207,0.012512513408832198
167.0,-0.6903985686014289,23.42962898157546,19.665152202238623,-0.3252604494963683,-0.011383931378071336,0.029600943020998315,56.3093106692097,-15.31140279222268,0.939653863920354,-0.9094842057913618,-0.846928229253849,0.014088978242517217
168.0,-1.0376886514154264,23.44705523936927,19.701348056484214,-0.3254199568896998,-0.01102988918496956,0.02967847048837129,55.950705057452055,-17.047449639913893,0.9106389264818298,-0.8764266788253159,-0.8368974892959595,0.009682628337526337
169.0,-1.3414069962218709,23.42614757310984,19.81422823901431,-0.32524959905756157,-0.011146776776559994,0.03061190499604194,54.09858059628782,-17.817489367226827,0.5159494523096387,-1.1468789966237678,-0.638197009813364,-0.014681260065089637
170.0,-1.6959891635660276,23.4397480722465,19.852195511459445,-0.32548169312543795,-0.010856146136928977,0.03069396715330107,53.97110756735817,-19.046661575729896,0.446980541527863,-1.021473518129879,-0.5626571183620395,-0.02108092732153307
171.0,-2.0266494270103492,23.43879892305095,19.920650724256827,-0.32552827256249683,-0.010739279958277828,0.031108468876909465,52.98964244385968,-20.068200705234585,0.2189421648605767,-1.0743286496449795,-0.46243320140359473,-0.03607196070254119
172.0,-2.3246393288495573,23.407200584221723,19.957707195422614,-0.325301884009027,-0.010975420046035692,0.03117283207295893,50.781024972699235,-19.694448953246322,0.17270822013823536,-1.3620568143874316,-0.10301198269346398,-0.03482250246520838
173.0,-2.6626933395892847,23.402586661617917,20.051593423159428,-0.32540820073425575,-0.010908495110105129,0.031841839494736665,49.96700987624685,-19.79869409738375,-0.2199917382276133,-1.322577096226048,0.10883306586634992,-0.05885391749548872
174.0,-2.989578378888616,23.394167637421745,20.012096997030895,-0.32542135359515767,-0.010878818647577152,0.031088758726242713,48.66179162871324,-19.76606379835383,0.13039188584250516,-1.3739214849927361,0.3095015294095986,-0.034573351954123976
175.0,-3.3081826878984737,23.381663280323554,20.10901609884877,-0.3253772011586405,-0.010890864291080103,0.03177832834873913,46.783249655426765,-19.53332093409803,-0.30589844440382935,-1.5234791826932343,0.5049341900630528,-0.06061401851969173
176.0,-3.6423329797916986,23.375494931157657,20.112619695941227,-0.3254685914884307,-0.010841242541217285,0.031487247656675835,45.64368595215535,-19.45674681941416,-0.20819958158364493,-1.4990176237066943,0.6259300389707729,-0.05360271076686032
177.0,-3.968227873053941,23.36335976472458,20.16155941240277,-0.32545271323996644,-0.010860950396798007,0.03166367758466585,44.301292993320295,-18.270331672420735,-0.3676733672461393,-1.5076818777407412,0.9341143611468308,-0.06008168189316746
178.0,-4.315728043178447,23.351554188952253,20.24443419940393,-0.3256693821868216,-0.010898761972483092,0.03217463944493963,44.4444663481585,-17.74013844687611,-0.8387585958116899,-1.2055080054013454,1.0470801405374388,-0.09024516269356211
179.0,-4.647379258083183,23.339272176812646,20.276900438122144,-0.32572385830471345,-0.010925022343281642,0.03217463454191883,43.84680462528365,-16.628257435574092,-0.9441592032489928,-1.0818878276925348,1.2386492534651428,-0.09464296522570427
180.0,-4.9720629249404515,23.330700936756305,20.232405016099555,-0.3256992756160043,-0.010901779606625904,0.031415588493546476,42.843715432260566,-15.090616986446806,-0.4038995081992952,-1.051568032447362,1.4714659448557175,-0.055075254891879886
180.03351764190907,-2.7250217806241337,24.876065096170237,22.50094839397444,-0.2799201081893614,0.021404961246425838,0.07795203793330202,42.7789298370538,-15.062553391963585,-0.427391566728018,-1.0570033322966916,1.4735556407203527,-0.05633537672651619
181.0,7.504155008995577,17.128326401599608,18.464135241544877,-0.06969579116527128,-0.13784462782837328,-0.006055603147709368,41.64102252390691,-12.616885372991941,-0.2502854551645046,-1.0563274731173005,1.8386587032853559,-0.0388990837875851
182.0,7.534282840526379,16.851538867626175,18.458362372085148,-0.06773217107769146,-0.14059240978394907,-0.006067427024167892,40.745750113326885,-10.895384526960642,-0.2894462519879052,-1.0020301084480479,1.9830147865979977,-0.040311913918867036
183.0,7.128099063336816,16.923319103067133,18.66463076462008,-0.07424448633219206,-0.13646547631337044,-0.0017290535289305993,39.105749878444186,-8.402794677938035,-0.07944051399806595,-1.1009826004003973,2.2432071864414995,-0.023019319077049388
184.0,6.357174494930555,16.722075685698943,18.914711659510058,-0.08734250169638307,-0.1377280181177239,0.0032624661945555317,36.18772417154612,-6.22815197015255,0.20579190874760755,-1.4475208461096152,2.3839041654084534,-0.0033174080766507213
185.0,6.324187872278341,16.348198481830266,18.91490194108684,-0.08635461039537197,-0.14206241762506336,0.0031866831545221404,34.92385492731224,-4.687048897935837,0.18813168116753395,-1.422151269493615,2.3423818157511227,-0.006056243799643151
186.0,6.156914543445787,15.945395945139143,19.030438276009022,-0.08783877282462364,-0.14671669509938157,0.005313967874481702,32.9879535071949,-3.9086428485797433,0.31490723734595916,-1.533215011625502,2.1230500352322945,-0.001414348305524362
187.0,6.08101590366474,15.746787556372425,19.25913404081365,-0.0876701749476338,-0.14753857539642828,0.009481786163048136,31.59982169048334,-2.4524200796278137,0.6326220042260042,-1.5150862714969584,2.038974751239273,0.017838166819436632
188.0,5.998271785623853,15.60029940117762,19.210522696556342,-0.08764313504585403,-0.14742733212619044,0.008433624677439069,30.467781582564285,-0.9406890457320072,0.5490910737615214,-1.4404450888832387,1.9519032545667305,0.01159937756750181
189.0,5.896136561448126,15.466398549270963,19.05946214524447,-0.08793687937008082,-0.14714806104307224,0.005594200985652912,29.388273277536648,0.832013444457238,0.28569484325122685,-1.3592461066836559,1.9103550675056546,-0.005848184962104673
190.0,5.7745745671785755,15.319205136258718,18.96414308885016,-0.08855088120141777,-0.14711822335224223,0.0038346032631768837,28.44854752350796,2.7912626602230297,0.09535605469547448,-1.2558171097695872,1.8963956421090158,-0.01737664574263298
191.0,5.713709903762367,15.030900208977084,18.83656970260685,-0.08797282664941584,-0.14968140568702729,0.0015576968023440466,26.98920815124923,5.819025854126559,-0.16039259962680325,-1.271083320353022,2.088891614703106,-0.03155323077082872
192.0,5.6447062255402365,15.063521945875435,18.908738127990826,-0.08773621150505317,-0.14651105134703468,0.0027704295871609714,25.566303041081863,6.562638577470966,-0.06431086634538313,-1.2708578929611485,1.784294547450926,-0.02486133230935623
193.0,5.623776271279896,14.889512944399629,18.80489655340356,-0.08656664609226361,-0.14704757072143815,0.001020242154247047,23.83053631562005,8.450008741110334,-0.34075490418540055,-1.3382890540273542,1.7367307096700328,-0.041386291334646635
194.0,5.642668505293137,14.679115375227884,18.749114787848278,-0.08473541637494879,-0.14821306668485218,9.754557580824406e-05,21.736510153925895,10.488349809020198,-0.5257458355117377,-1.4727462758094225,1.7202039630516817,-0.051303524106127166
195.0,5.556384838183773,14.655934162447206,18.796354987356427,-0.08482749620889467,-0.14613867181091258,0.0008507242081606006,20.277491552898802,11.295614717191107,-0.4509594008245138,-1.4542849551712063,1.4481321326596757,-0.043613743362705695
196.0,5.445054661640697,14.468243645809933,18.897936793981465,-0.085252265502562,-0.14678915501121498,0.00237471718261465,19.05534091880741,13.006453412775834,-0.15508691343962616,-1.387985471693913,1.3841015802259862,-0.02256855296579235
197.0,5.359039344665916,14.266636141516635,18.97240159432814,-0.08523289605631389,-0.14767565062901275,0.0034305502013334027,17.68326897888864,14.76713553843333,0.10122170969555264,-1.3602830791375602,1.337903512542876,-0.006021628292789467
198.0,5.228388111432386,14.108374314017764,19.003037774917203,-0.08598937765956384,-0.14778518780995473,0.0038218928053277887,16.876758480405623,16.21351782887654,0.21639684683244587,-1.2151154001059765,1.2330723963525574,0.0019187744990177263
199.0,5.153431301152891,14.007049575832617,19.054359425855843,-0.08584479350595574,-0.14706095098980773,0.00448187774502117,15.522254971117224,16.797832717583052,0.4663847061500631,-1.1994796144394333,0.973249651103919,0.018902581858303517
200.0,5.068442067753933,13.877658457961445,19.093515955689536,-0.08585151631594569,-0.14678087033042383,0.004941410922714819,14.332432553476448,17.410281559808844,0.7072375180199936,-1.15242928258652,0.7523153822526333,0.0345152252957126
201.0,4.995486492335822,13.750420043844796,19.0915733086431,-0.0856393237370876,-0.14649756225301047,0.004854963139559205,12.788613109460616,17.576894146958956,0.6915894386194982,-1.1853164020419278,0.4790375234344231,0.033706451737083365
202.0,4.909646442196279,13.60760267263943,19.114756663258987,-0.08565590963833992,-0.1464345274724753,0.005064086693355045,11.651823563521502,17.82088535161168,0.923571881173326,-1.1302192105985958,0.26070837396998403,0.04875971328264311
203.0,4.823796484807855,13.460875983195063,19.099910838106737,-0.0856457660389495,-0.14644490011624883,0.004871887887064181,10.52016649654889,18.10749436478824,0.6611820408962473,-1.080056577652851,0.09388829513988252,0.03054902686871038
204.0,4.727589229057455,13.305145141279386,19.099126255494156,-0.08566935634175282,-0.14666117469355022,0.004839147032958951,8.764387821708683,18.56537612303811,0.5182620350112562,-1.1649753749770355,0.0006418832709907535,0.018800539455801814
205.0,4.648024117909142,13.163787629784766,19.10373339309749,-0.08560252261214901,-0.14658773373356693,0.004854447525034654,7.870418644374814,18.69867401625383,0.47951180913388985,-1.0655617493697358,-0.13075410103531482,0.01468233594070259
206.0,4.5974278183451345,13.039975552831507,19.11080096957302,-0.0852155791803082,-0.1462643241594773,0.004918240456242601,7.873861978142879,19.06257725558699,0.39974656459814506,-0.7967880451646973,-0.1811633252095562,0.008579083861267062
207.0,4.506128477108445,12.900708850713972,19.12699813102396,-0.08526763819438034,-0.14618759075295606,0.00515988572642679,6.972693734557646,19.037359698040042,0.11674753819584865,-0.744917614371506,-0.280948099868466,-0.01118889117467527
208.0,4.435787498563405,12.75745854139946,19.11442167354392,-0.08509767976352577,-0.1461535668786651,0.004832757629420368,6.598221995153419,18.774345812682114,0.402449895003911,-0.5952128586927176,-0.3963143876871276,0.007354857641759558
209.0,4.3137969787332455,12.618874953158826,19.10322785572551,-0.0854856099663006,-0.14610038794620314,0.0045614046637482576,5.244292066278348,18.686656482264087,0.6058595887802496,-0.6679552337161815,-0.4402842569220923,0.018235859726197394
210.0,4.208896676061201,12.467932460051834,19.118182723715314,-0.08571054234505864,-0.14615036825479422,0.004728423140631995,4.201733031026927,18.074528160737856,0.518394414159363,-0.6756777947904635,-0.5644848107415621,0.010723757673922779
211.0,4.106925136747324,12.323684019156618,19.156547172390844,-0.08589461197322473,-0.14611563321996257,0.0052474472659468484,3.2088339904864354,17.467408758362964,0.23838053165038287,-0.6784793431175449,-0.6519688907993864,-0.008046764167670502
212.0,4.055662218220736,12.164977237586028,19.211387437652093,-0.08553017586967476,-0.1462458481196809,0.005980249908195874,3.4008155441269663,16.396010660013147,-0.13920131235017907,-0.445090314250109,-0.8021702510333389,-0.031082111684120776
213.0,3.97216842460026,11.960616202889042,19.245205546641355,-0.08560487886922075,-0.1467927862046102,0.006372749395043432,3.0863643062262422,13.681724291624985,-0.3321775764054895,-0.3406792331572108,-1.2519113808561921,-0.04011790842822971
214.0,3.86346736306487,11.81412012634939,19.27180111638337,-0.08586907938079888,-0.14675142550093842,0.00666242658379913,2.1089630472940746,12.21876262845524,-0.5000736547452616,-0.390631311437567,-1.3762640117623652,-0.04975305502681515
215.0,3.7670870477392584,11.664287867637151,19.22157424441627,-0.08598913339743446,-0.14676883881840624,0.00587833414109422,1.365335530591174,10.616767355727733,-0.21268688222505694,-0.3950569008179999,-1.4907302944982541,-0.029427542250535062
216.0,3.6674141591223424,11.508925636693778,19.179281902766636,-0.08615903024513277,-0.1468024247282245,0.005228115442883116,0.39145772194819195,8.42212580817143,0.036167000932367466,-0.4494807722683511,-1.6885902980685052,-0.011835801050902886
217.0,3.5937824523177824,11.357627033428926,19.14278794740785,-0.08601801262110823,-0.1468954371560024,0.004668041839159689,0.6711337741386441,6.897545320073715,0.2460128256833266,-0.2508929709664196,-1.7018362773136873,0.003000831619268649
218.0,3.499464186623445,11.223281671357556,19.21775921026001,-0.0860940193560536,-0.14676980083417707,0.0055937700759448525,-0.17967820387884664,5.7531921332635045,-0.1244033509618847,-0.3096852250391079,-1.6163959431771866,-0.02192787470488665
219.0,3.4096771656110865,11.078616186818206,19.335543844974854,-0.08615039121148674,-0.14666875042922872,0.007036748566663162,-0.9098519793094395,3.371722479522334,-0.6944596087567481,-0.33818666730067193,-1.7696518978465017,-0.05684691723996958
220.0,3.32208837120747,10.939963778689716,19.384741461017928,-0.08617336148108032,-0.14651588367952428,0.00757608877959616,-2.0807981214250506,0.9750888763499022,-0.9509738819081343,-0.45789796236277813,-1.889936158031642,-0.07111342128539923
221.0,3.2353929875035745,10.790864970002042,19.380515255370213,-0.08617849328165901,-0.1465426220380585,0.007426623873163546,-2.2446696068435057,-1.0574920886199437,-0.9627735453685508,-0.3646139845769486,-1.9017780573930594,-0.0686091853754061
222.0,3.1450940520074453,10.638020518634075,19.349551722109315,-0.08621572206964621,-0.14661695355974422,0.006949860727995923,-1.8853614719104397,-3.1702091476262844,-0.8435504345235857,-0.17839078577981554,-1.9094083545254645,-0.05705594702102416
223.0,3.0589296725848123,10.496090088548042,19.381176777186262,-0.0862098761234675,-0.1465311210360925,0.007247281895754794,-1.9277178783139763,-5.857707143506779,-1.0077773283606324,-0.09789253476722289,-2.017638292282578,-0.06548280353388655
224.0,2.9625965491213138,10.346011124244134,19.479516796322468,-0.08629925599293448,-0.14655734045644672,0.008327723676444224,-1.192961309411789,-8.363093731362405,-1.4946850094824473,0.12808511197775413,-2.0630450099548074,-0.09343791716997905
225.0,2.872278606351213,10.194440115349225,19.432096125340802,-0.08633733327629818,-0.14662593956526546,0.007670018942329389,-0.7674059918095206,-10.158384404247395,-1.3258610005059825,0.25817429851515034,-1.9488350545499171,-0.07841434590271337
226.0,2.765618419678482,10.032714386416318,19.436782061625454,-0.08652113848238083,-0.14681084496667254,0.007627798832546337,0.6996370767125965,-11.779038625299167,-1.3874423702882377,0.5780020244387709,-1.8013328100623172,-0.078274695557209
227.0,2.6822522913089393,9.890179436418089,19.514559224389092,-0.08648784102566484,-0.1467558868424864,0.008433064094187771,1.1624557406889897,-13.828021863542856,-1.8056272548430834,0.6493477282599109,-1.750679661046321,-0.10194570607772988
228.0,2.5895440864885546,9.737455464957895,19.506907898767235,-0.0865517148061499,-0.1468236692649587,0.008249023433723926,2.1671527507323747,-15.161287456770603,-1.82866442737284,0.8126715862488557,-1.5583914805669268,-0.09848594436284869
229.0,2.510038416769013,9.58952897735818,19.444392195746882,-0.08654502900376408,-0.14681550732747659,0.0074586825311324,2.604764357894636,-15.454431271006083,-1.5746948663339149,0.8274899524250473,-1.1763703494011553,-0.0769515183716536
230.0,2.407111512850061,9.433354354408523,19.41326577697952,-0.08665426165580338,-0.1469388605805667,0.007028933258143365,4.357522970978512,-16.834144697918887,-1.4488500144819783,1.100538037194472,-1.0611338674793354,-0.0644125592541482
231.0,2.3238363770098047,9.287997812641114,19.46748401756223,-0.08664758250323738,-0.14690665179420803,0.007544456735183303,5.307984100883268,-17.49379350192915,-1.7641592724831463,1.1665968064914358,-0.8181441949364064,-0.08188567694692415
232.0,2.244193505905988,9.146363761113754,19.471475783562497,-0.0866057432108548,-0.14683962508945067,0.007507454569669242,6.142620803990774,-18.078584949975568,-1.828947461408846,1.1898706144889388,-0.5937759429268142,-0.08237143473896547
233.0,2.161097635800086,9.000581210555167,19.43828027243309,-0.0865401750308923,-0.14685509174257588,0.007074889202964384,7.206388449227835,-19.287322886067663,-1.688965489031717,1.2478181103747537,-0.5347125935618751,-0.07079432457263798
234.0,2.0835307782402412,8.862853091255646,19.39910982597984,-0.08649054710519613,-0.14674636272549274,0.006588779037546793,7.971683049189679,-19.564887796831588,-1.489238582582064,1.2247644987362576,-0.3070926652493228,-0.0550898260014194
235.0,1.982801330954403,8.704513575637554,19.42147898135913,-0.08658926792431394,-0.14687148728335891,0.006750249094116612,10.130899971840218,-19.56947223011644,-1.6302459676659948,1.4781969371610024,-0.07234881863114588,-0.05926256185252906
236.0,1.8995094675599757,8.563727823362564,19.39333446937453,-0.08658564977858281,-0.1467953642695152,0.006390354933038772,11.419358329442653,-19.260317183955195,-1.4606248967839435,1.5171901696326426,0.18376034001609437,-0.044407782495000055
237.0,1.8365904699863669,8.433041159981046,19.34796644825624,-0.08640958854407274,-0.1466510005174468,0.0058680206915561455,11.165810375933713,-19.76439191293561,-1.1877626434495923,1.2289722060312769,0.22718984327276662,-0.02800354714858474
238.0,1.7530928354283495,8.286257581067991,19.328418828216467,-0.08637296326440312,-0.1466681626257831,0.005612823464221945,12.182542658222255,-19.80970790128828,-1.0414144325064068,1.2196442884617071,0.3302768921552663,-0.01854018179652296
239.0,1.6750493977133567,8.13854704691401,19.410884009951854,-0.08631218062291036,-0.14669494296429003,0.006382694916811798,12.530149051183537,-19.84614528186454,-1.6823277142079514,1.0699580064683527,0.3984866451655894,-0.06003162609922221
240.0,1.5911085370041478,7.997518665003972,19.408619428342767,-0.08632000140689218,-0.14662700095817738,0.006296221849450831,13.237896826419178,-19.085174068852226,-1.672127283711893,1.0037964653428402,0.5985510097028541,-0.05662492913358632
240.01722751514913,2.964407100329391,10.572609878569825,16.719372764815816,-0.05886824277513231,-0.09578173598749698,-0.046873765123661364,13.23833034136602,-19.10575529152744,-1.6499873405503638,1.0005178552793303,0.594772824022957,-0.055290470826279955
241.0,6.1479741055476715,2.6196793661869737,11.304015529964547,0.010187234411465289,-0.25409933960384223,-0.15382956496927047,14.0689627634332,-18.51885586811479,-1.3278918973967901,0.9699643120224892,0.7108598358471441,-0.03214195606960134
242.0,6.542728667283303,2.826155481253421,11.526870625053924,0.017415624793890402,-0.24527334463464365,-0.14624498572847033,15.616336750398542,-17.042447400129213,-0.9418028402505132,1.0781331717890617,0.9764865813983549,-0.0038584093516822633
243.0,6.672060371248873,3.040513806163013,11.345807012157984,0.019376311044068787,-0.23662214756179756,-0.1468858821081331,16.905177905654032,-15.100433265575603,-0.9802518310741112,1.1175085944870227,1.2816162355816467,-0.0032227543484352893
244.0,6.57206457928888,2.859050825555783,11.41109992417212,0.017055949010070032,-0.23551807456294047,-0.14274005746703156,17.708940050519644,-13.613062535345685,-0.7243125596724105,1.0521982828728307,1.4319114644140494,0.013629499537293244
245.0,6.815238558336753,2.8074288948680315,11.370981631851059,0.021123386987662803,-0.2322767561000076,-0.14083749828463632,19.59921604413797,-11.404984809655922,-0.5679111052696157,1.2082905500996528,1.6870602826425825,0.026213985697715533
246.0,6.853556821551574,2.612924644999941,11.523362594848747,0.021352793526773547,-0.23158253069116977,-0.1354019407031579,20.913913746407754,-9.420183301532008,-0.13533876617197726,1.2296768955021784,1.840419003382426,0.05400330482707395
247.0,6.892859370767391,2.393445836334025,11.458899749629254,0.021645368329666043,-0.23138601980208942,-0.13412090112029004,22.361993873369972,-7.365965199100468,0.02632147977664233,1.2721091352506224,1.9609275896963125,0.06363350462274664
248.0,6.9219628449086965,2.1564305367704284,11.119521821674335,0.021795414447736305,-0.2315164667994257,-0.13777623791246502,24.23813160898514,-5.861185677341498,-0.23598064919467598,1.3947435108709203,1.930694414927846,0.04418188646501322
249.0,6.946637969236654,1.912591672868811,10.78373752120228,0.021888257472693008,-0.2317580060576815,-0.1412297985563164,25.587081259387883,-3.605845113059822,-0.5197670287183818,1.3924824880772932,2.026397478870497,0.025791396483318352
250.0,6.975027950720564,1.618450137362381,10.874508876527136,0.021977623346461538,-0.2328190386565708,-0.13729122048295495,26.88906727198304,-0.8517528812512646,-0.060009294200411734,1.3745946774938924,2.189482378615207,0.056639482666936095
251.0,7.010467859361429,1.5104885752062693,10.684981476471176,0.022187120809783457,-0.23070215943768274,-0.1381350555599701,28.15501743794068,0.25949688747537647,-0.12216651740316516,1.3514170027641885,1.9819867387587984,0.05013159905398368
252.0,7.022911869602524,1.3050161262883486,10.67413424607722,0.021994419110493713,-0.2302802180369167,-0.13604929274935426,29.578375689772525,2.0303343699268224,0.20089379987688566,1.3577163463311894,1.9070147855730235,0.06980822128021769
253.0,7.045938998655924,1.052811465996675,10.41665015638723,0.022035647719102453,-0.23064206236485152,-0.137994228119752,30.92290505967858,4.067658035286031,-0.01404553975272893,1.3449503859164216,1.878154287349243,0.0538671265740351
254.0,7.054500219032527,0.9764980872638817,10.388606638133231,0.021760136265953234,-0.2281737689387627,-0.1362466260813418,32.38164531149133,4.834624622040048,0.3150685292697305,1.3546360901136845,1.586088699082456,0.0737315177351614
255.0,7.100222620387558,0.814699252556894,10.204687325732015,0.022146845572929445,-0.2271143457550373,-0.13696462855242147,33.553145593432056,5.889998613903699,0.24473692161722785,1.300072928549406,1.3702693232652219,0.06767955191034623
256.0,7.152928801376348,0.549889472951643,10.172484074318955,0.022644053319009205,-0.22767646263796676,-0.1354159340894679,34.5598674132286,7.47255218181589,0.6655480507228626,1.2131152078580043,1.2743803782398893,0.09355519579517324
257.0,7.043392636117271,0.07793698138903887,9.890593017292865,0.02053897730091673,-0.23153108495490626,-0.13756266277945925,37.01695064538655,10.756410779905448,0.2175084262257554,1.4353774514058,1.5235392064382123,0.0603369370631911
258.0,7.015530026335322,-0.12256862064499173,9.76963981109334,0.019726347211874842,-0.23113023657030016,-0.13732033067564803,39.06952939980457,11.865702443627608,0.3485320314811221,1.5533948076979882,1.3093076713351903,0.06700886523361907
259.0,7.022934363312656,-0.32624157885587685,9.648572438818666,0.01950897705554302,-0.23074830868945756,-0.13709505413381998,40.850736073709214,12.733670655597116,0.5007617314143072,1.6008116758948028,1.066691083289485,0.07580548670665707
260.0,7.054645118745405,-0.56054897949632,9.427181651578797,0.01973315572597807,-0.2307576101459519,-0.13819167434834742,42.15687319550898,13.834914338325797,0.04357381087275547,1.5412200101294626,0.8969994871204968,0.04454834599919949
261.0,7.104546353089848,-0.7965257300409038,9.2950233717885,0.020348597874587804,-0.23068014603133646,-0.13811798517921786,42.3435468140877,14.96197984996707,0.13972246003633598,1.2522368973314366,0.7514236180025132,0.05009417023225004
262.0,7.11467295323184,-1.0626414440161065,9.168553284533168,0.020029527379153228,-0.23134554104381053,-0.13799081633480295,44.77856152506795,16.460391544105228,0.2978807694858695,1.4603920519638398,0.7030884243988639,0.05685812642512575
263.0,7.137180881403463,-1.3030258291104817,9.018787819715968,0.019996579662098366,-0.23152979104956575,-0.1381045184067016,46.669641989273664,17.550811073117465,0.1589107601189868,1.5337248734845736,0.5860200285739967,0.04507815292830633
264.0,7.146369368067892,-1.5294367336370547,8.87905498259996,0.01991029887626037,-0.2314057477750942,-0.13811037333591958,47.70096090994705,18.12290405001517,0.15668500066762237,1.4211614547890787,0.38445549115741995,0.04332426181772721
265.0,7.164465283322839,-1.7625928573305003,8.741612599454077,0.019898195209805205,-0.23142065496113107,-0.13812649025457854,49.046839980087896,18.258575057825944,0.29045323577998755,1.3838302465601162,0.12741799158080813,0.05120133562086959
266.0,7.1786375565699885,-1.9869486919015142,8.603547131374802,0.019829800211966012,-0.2313233216279502,-0.13813021651226734,50.28127025692296,18.53005843574002,0.3605833138890832,1.3274797360718162,-0.06273792816304352,0.05416184884730613
267.0,7.167241867214563,-2.181750771249639,8.474220870934428,0.019457571093407396,-0.230815728218053,-0.1379496665000116,50.933120249329846,19.302728693644063,0.2112646155639553,1.1583401340935318,-0.11658809651512633,0.04125754927356338
268.0,7.1799715099087456,-2.44192863005218,8.326996189005229,0.019418411384456095,-0.23115387463019035,-0.13811353968865114,51.92765394011814,18.23190757157539,0.40302164536801627,1.0759811323533233,-0.5165382518749775,0.05406479169711656
269.0,7.248798524233921,-2.6485101453099427,8.213321742246487,0.019920214413236912,-0.2309339101706848,-0.13771384267493772,53.90863042332705,18.385751473248142,0.14835558560002288,1.2031399852356661,-0.6076850444426727,0.03376462330963302
270.0,7.230032687893119,-2.8388619071677583,8.122700156787706,0.019464181235361998,-0.23039763149240558,-0.1369725936655144,54.36945143409948,18.413347308724045,-0.2964960543448876,1.009649024930502,-0.6892848717892984,0.001861978893902362
271.0,7.2624052394885945,-3.0543735992116607,7.975293171565815,0.01959053456182841,-0.230245882274117,-0.13712805522849902,55.59114141240438,18.039799416100607,-0.21213516877915456,0.9906431772554243,-0.8197034334812029,0.005620113338588516
272.0,7.2670981854916095,-3.2756612888800483,7.822602634767459,0.019428239257331944,-0.2301368754926421,-0.137353397300455,56.244101824951684,17.31229758060818,-0.09166674159426962,0.8597877681618079,-0.9822956525185852,0.012421847193881149
273.0,7.293418884955625,-3.513963390229977,7.645963243255186,0.019511316914869715,-0.23023884354968707,-0.137909950119237,57.210311437516026,16.08609215239213,0.1922756342628855,0.8075180982684762,-1.2022073528246113,0.02988440268767341
274.0,7.352171251903196,-3.7549537554754817,7.534992342110165,0.01992145151558801,-0.23036044379846804,-0.13753501431802886,58.94739519164007,14.552973609973266,0.0563854858882501,0.9178229146878216,-1.433002990360673,0.019318378709862454
275.0,7.344586736902252,-3.9302730973052515,7.3930191663015465,0.019603254086110078,-0.22980956264295355,-0.1375919049606793,59.01541574264688,14.795672087964617,0.05689238610327466,0.6858262884868266,-1.2480652889264945,0.014326183356995072
276.0,7.353367871801243,-4.161981166147731,7.237149283674255,0.019497743877109154,-0.22983558648474642,-0.13783744702337222,59.281928469510696,13.428022968249232,0.17507886601394412,0.5196334081615814,-1.3804732446004804,0.02159598062414131
277.0,7.348959951816343,-4.414689331740568,7.076159951074126,0.019277066328078477,-0.23006410423307946,-0.13815117884109962,58.74827554386929,10.99342235457042,0.35034385142229973,0.21374969629159096,-1.6877158749539456,0.035536088833100235
278.0,7.370455068502174,-4.636984384509297,6.959382353484491,0.019292589403055418,-0.22999667305420948,-0.1378756666164842,59.00723692634601,9.680998221020301,0.26437013953678723,0.11063643993591186,-1.7109214359138079,0.028581543829781876
279.0,7.394087358461265,-4.868464950675712,6.802124461696397,0.019335949313639297,-0.22998164607386357,-0.13811483655603582,59.493072510831475,7.653207461630127,0.3978910213073006,0.0714151862774027,-1.8502559379846135,0.036922527379937974
280.0,7.4187300424969465,-5.083419805497615,6.78167073172359,0.019370783655467398,-0.22981083097669536,-0.1366434559753119,60.55372436868968,6.670438815838951,-0.16611154621581609,0.16594673639191623,-1.7396606275507513,-0.00287816205873348
281.0,7.43744476504391,-5.317554129394441,6.657531534696499,0.01936222443366183,-0.22985315743779766,-0.1364956972056798,60.24121068730511,4.493281316852136,-0.21592719144788314,-0.023219702847672788,-1.856427854304855,-0.004692452408073727
282.0,7.454553612386193,-5.546548919783943,6.514324572430067,0.01933074736227556,-0.22978376066838277,-0.13657378468483936,60.21534689709465,1.612182401389705,-0.16108433629613192,-0.1276747043205754,-2.085193321834879,0.0008576733167858525
283.0,7.474685698101987,-5.776614892960656,6.296999282034141,0.019340806049485952,-0.22977616909629175,-0.13753210843604433,59.9503802542114,-0.8949944770289733,0.23192763999060562,-0.2589765998989557,-2.1922516424235954,0.026852510591492677
284.0,7.5028404431593225,-6.0136166560201,6.2435133785449155,0.019413374624799876,-0.22988864047554375,-0.13655725936143417,58.858816677801904,-3.1034925612991713,-0.1334053091425214,-0.5350761755520791,-2.2036739349020675,0.003315672331006606
285.0,7.522725698745299,-6.250989881521794,6.109831039957163,0.019439269249379613,-0.2300116496842659,-0.1365267492361132,58.408452797140164,-4.218493407679024,-0.16869609268143226,-0.6396113129940607,-1.976631932800467,-9.621688795331991e-05
286.0,7.5346871179112975,-6.480683444098032,6.016454481463064,0.019382547719705854,-0.23000280404969256,-0.13603195913125257,58.180644674461796,-5.615785836083755,-0.3895577883385214,-0.676508657914012,-1.8143411149739448,-0.0154264490675791
287.0,7.528639072273449,-6.6877924477854185,5.872829605873527,0.019148071775178143,-0.22966938443545434,-0.13610182072014293,58.67406057866901,-8.121325112722959,-0.36560188605412264,-0.5498891181750734,-1.8799765236974064,-0.014803417838147754
288.0,7.529786356968785,-6.8965633454689215,5.7647109579141125,0.018968426073200446,-0.22937796791477483,-0.13577880968942044,58.810385748996744,-10.964544233779284,-0.5101462876414224,-0.5007348928901143,-1.9959872587368421,-0.02449805635190916
289.0,7.556223992051843,-7.140421508564172,5.618584225945698,0.01905809429352694,-0.22956763263253335,-0.13589940396390934,58.0520672837393,-11.937820750877956,-0.49285577127390534,-0.6282867855107922,-1.7138687276710014,-0.022301755672356968
290.0,7.569731707264847,-7.365294640528632,5.546611654766421,0.01900311939817994,-0.22950089379165495,-0.13520264758552353,57.57141762637963,-13.776204439788119,-0.8459159671394019,-0.679034197500767,-1.6284236455156627,-0.04437328219047895
291.0,7.580721116586124,-7.598457588346885,5.442297808068964,0.018965291372141105,-0.2295305954181662,-0.13487227521520131,57.356447599012434,-14.494071063538911,-1.0663456890619312,-0.6599592848831144,-1.3246877108405912,-0.057220042293641714
292.0,7.606647761313746,-7.826653034310999,5.236382294493055,0.019007056109121286,-0.22952908689838175,-0.13562570515919073,56.2708197673959,-16.25053013992439,-0.7280137092942373,-0.8175429993023489,-1.2579578628622297,-0.03324182817417797
293.0,7.6141718456864815,-8.049888478365183,5.1581467821785,0.01892231206595434,-0.22943787752207515,-0.1350208279956003,55.96789502122884,-17.373308460426966,-1.095204235202113,-0.7867716164301608,-1.0786206497970496,-0.055956995625953805
294.0,7.634992653276631,-8.277704842749133,4.994957184157288,0.01892787807707436,-0.22942472071275385,-0.13531209251081958,54.99839282409785,-18.674149576859126,-0.9829731805318397,-0.8898259656530214,-0.9539238028437539,-0.04641138191739991
295.0,7.659075246712073,-8.514838958956245,4.801939577746032,0.018993603592287737,-0.22951657687509347,-0.13590925203506307,54.007014448188485,-18.71159614943924,-0.6669930999040246,-0.9769951317120664,-0.5964872575962181,-0.023160296750993944
296.0,7.673951940869787,-8.737261661378243,4.684378703561392,0.01893888668890314,-0.2294362131005667,-0.13571812201051497,53.03690379805714,-20.038357933083077,-0.8168294628086336,-1.043070480927072,-0.5456313214603574,-0.03358557007749216
297.0,7.7084278505396036,-8.978894103379982,4.547229493777116,0.01902173113113742,-0.22959431953483442,-0.13573436071904207,50.87972634054125,-20.684698384291888,-0.8278591739242462,-1.3348798513755882,-0.3730616508671343,-0.03150718468342276
298.0,7.715821775773944,-9.198051041636395,4.386422896387072,0.018972877442260883,-0.22946293880282725,-0.13598346385054333,50.44928818986287,-20.623254096808132,-0.6862416181586553,-1.2326651748262218,-0.0929396606087894,-0.02103867322801279
299.0,7.73246946122984,-9.422897062902264,4.1751617613128555,0.01898462618914249,-0.22940894581570365,-0.13672621900494042,49.55570567986942,-20.15725299620438,-0.11925225133826978,-1.2239585162539948,0.2256387372225484,0.017881899753341174
